Year_Recorded,Location,Country_Name,Temperature,CO2 Emissions,Sea Level Rise,Precipitation,Humidity,Wind Speed
2021-01-01 15:31:55.031503104,Jamesmouth,Kuwait,14.28266494491953,344.9235262969446,-1.737457084375074,77.39300633021847,89.47973925936104,17.291645749293917
2021-01-02 11:41:38.289828992,Port Angelaton,Turks and Caicos Islands,14.08894423905879,423.02218219900175,1.0023258375514013,91.1553600237908,72.7329172243246,1.2363730777902535
2021-01-03 07:51:21.548154752,Vaughnland,Djibouti,9.911374753381205,406.1389209838354,-0.1753345446206619,5.0267772505741775,42.669082200636744,4.020270024441263
2021-01-04 04:01:04.806480640,Combsshire,Algeria,16.198283534913926,479.6532741613003,-1.4329182140142995,80.34252212197153,84.1284409348728,4.50063239591052
2021-01-05 00:10:48.064806400,North John,Cuba,24.555052617872796,351.8821513274014,-0.6769843924418106,12.414690630185332,95.97888176848936,45.95438977545715
2021-01-05 20:20:31.323132288,North Shawntown,Zimbabwe,20.70185973900071,368.0986789211092,0.5906138945324686,99.84724466166789,64.06638059654081,17.90788551902932
2021-01-06 16:30:14.581458048,Michaelhaven,Bolivia,13.76157943853715,439.483659181135,-0.3859078781964467,2.797454678094635,80.30652968695684,41.830111849840506
2021-01-07 12:39:57.839783936,New Patrickfort,France,11.159060560587776,426.1400157242484,0.3084464214083915,25.300620129398453,26.7969076461816,20.12891946981383
2021-01-08 08:49:41.098109824,East Joshua,Maldives,17.36499131214749,339.5463287612324,2.026158679252232,16.018962603102736,0.6842678801332158,4.3457057186971015
2021-01-09 04:59:24.356435584,East Randall,Uganda,9.969149347987043,408.5376631866746,0.7009535322302656,62.006716243166125,10.860668177406971,17.31856000406049
2021-01-10 01:09:07.614761472,Michaelbury,Yemen,10.848422024099182,488.7165303643699,0.017318774933459,96.06401485699904,33.68737681828423,8.880924385953055
2021-01-10 21:18:50.873087232,Carlfort,El Salvador,19.930090230789403,330.16180767531205,-1.431033144547651,35.621872879319206,77.4165013716844,0.7871665122436866
2021-01-11 17:28:34.131413120,Lake Jill,Antigua and Barbuda,20.14153523306357,474.7726421388036,-0.0898970770971781,56.305789821570464,94.76963826687351,35.647616571179576
2021-01-12 13:38:17.389738880,New Davidshire,Azerbaijan,14.421515772003858,437.76557071432296,-0.2585204708245351,62.06320463492616,79.98597701914105,46.7330653284824
2021-01-13 09:48:00.648064768,Kyleside,Suriname,16.436677244331758,359.03080589643486,-0.1641478389151382,45.80730382937309,54.88426245080193,9.290263660997471
2021-01-14 05:57:43.906390656,Williambury,Burkina Faso,16.82271551439678,420.1554666374238,-2.892443081352439,91.48443943046315,25.23260219134148,29.253717496624997
2021-01-15 02:07:27.164716416,Thompsonshire,Benin,19.208799413843728,380.0922073126763,-0.2533683675190089,12.762498781190478,58.91944422012887,33.01297261617212
2021-01-15 22:17:10.423042304,East Sara,Philippines,13.08017801070085,407.9221956713932,-2.317595322181782,33.83384671080456,97.9149845870184,33.76384119257601
2021-01-16 18:26:53.681368064,Hicksville,Cape Verde,16.986979278919982,321.8194669485713,-0.8589926141124753,32.753634926360405,55.41348493001848,35.876914523022485
2021-01-17 14:36:36.939693952,Shawland,Guinea,15.411533537439412,345.67799429164387,-1.2770618621635652,3.010909849739296,98.16287033487832,32.76794838967896
2021-01-18 10:46:20.198019712,Tanyafurt,Lebanon,13.839763191025847,380.67349260946287,0.4009580779626239,18.84135558945107,75.58732472898474,34.810890501306375
2021-01-19 06:56:03.456345600,South Glenntown,Spain,15.941179694523008,419.9072782690751,-0.9706267701798742,65.43874843305699,92.2071933804663,35.208923329648506
2021-01-20 03:05:46.714671360,Gutierrezfort,United Arab Emirates,9.73509513089256,367.1607207422426,-0.4284239629694401,88.42789367260497,34.61490347529025,24.370915128584414
2021-01-20 23:15:29.972997248,Lynnville,French Guiana,10.441110683746071,356.01518569473416,0.2659985645077766,18.06018625604795,35.205752366639885,9.780489624212702
2021-01-21 19:25:13.231323136,East Terri,Nepal,19.06843968356921,418.4364506467199,-0.09690142406057,77.03294716564085,99.38751863393536,45.50773672996996
2021-01-22 15:34:56.489648896,Annamouth,Martinique,17.031391958284054,393.0417682920112,-0.0104615457938482,52.33465590585287,34.96679343491164,46.581410577334275
2021-01-23 11:44:39.747974784,Lake Emilyton,Malawi,17.771493160647452,401.30660900214366,0.406035429766534,20.669042535011528,96.45430896043484,7.577341632242285
2021-01-24 07:54:23.006300544,Nicolemouth,Macao,17.035006638115668,368.1427331448775,0.4782437248493096,91.84717284171798,32.64404736736681,19.072549061656268
2021-01-25 04:04:06.264626432,Jillside,Papua New Guinea,14.481798817311043,367.7589988895395,-0.8215518328471281,95.49516991937097,28.584835132565477,3.5665563751836604
2021-01-26 00:13:49.522952192,Brownborough,Indonesia,16.751641418349955,425.3697863806626,-0.8356000583460009,42.46233107890993,30.340996208270187,29.12134431392179
2021-01-26 20:23:32.781278080,Ramirezland,Isle of Man,17.9311973792653,420.29791024961384,0.37013428814837,53.871608903938075,63.95309671621485,15.070747987115974
2021-01-27 16:33:16.039603968,Anthonyburgh,Finland,14.653044023143163,368.8704949718633,-1.9134005019586489,92.8328758761236,9.165188502375798,32.55948776646861
2021-01-28 12:42:59.297929728,New Christopher,Malaysia,10.432163475104478,425.56953998635777,0.8625821304758964,6.4283091975764535,63.26410698243187,13.323889439424876
2021-01-29 08:52:42.556255616,Lake Dylanbury,New Caledonia,12.501416113870803,293.3903139955384,0.570198638611842,76.53263486864829,98.60726149567722,1.4395898354041092
2021-01-30 05:02:25.814581376,East Josephton,Panama,18.217046806477175,408.19698486215606,0.7240700022920417,79.02746584462477,57.81262092299022,8.218811921604951
2021-01-31 01:12:09.072907264,Port Davidberg,Mongolia,9.023376790605074,327.48256932485583,-0.1847533281192051,69.19184083190636,71.21163436813956,21.293277110161146
2021-01-31 21:21:52.331233024,Lake Jacqueline,Pakistan,5.046433128108015,371.8492865733821,0.7271305458305586,0.8327312634858086,76.52560205259178,20.588124694202076
2021-02-01 17:31:35.589558912,Wendybury,Holy See (Vatican City State),17.683534208543268,413.63992668297743,-0.4374185110323418,12.156160925062288,17.614352205818562,32.309179059966446
2021-02-02 13:41:18.847884800,Francismouth,American Samoa,13.147775648502234,385.197314256648,1.7338945775776302,54.09012191570063,38.27252350252706,24.520664078107636
2021-02-03 09:51:02.106210560,Lynchfort,Falkland Islands (Malvinas),14.083299580614906,321.0724698248308,-0.1567405404877817,87.53269208857367,76.48060702862821,38.009878377871246
2021-02-04 06:00:45.364536448,Lake Davidside,Martinique,14.85178064787703,331.97097005770445,-0.6726012927131855,34.94104590818854,76.11955786994035,27.068689098394387
2021-02-05 02:10:28.622862208,Lake Ricardo,Colombia,14.255123177179708,436.5360783537308,1.232207038435599,29.20161749179596,81.76904848451365,49.27629295442473
2021-02-05 22:20:11.881188096,North Shannon,United Kingdom,14.79063758880422,314.7618599336065,1.8890513526151187,28.09163301480535,59.38798116746389,43.629808664641125
2021-02-06 18:29:55.139513856,West Antoniomouth,Heard Island and McDonald Islands,9.086917880265164,452.721670920742,-1.7722089022112308,96.09203790310968,44.58350325275414,23.74096361396232
2021-02-07 14:39:38.397839744,New Stephanie,Niue,17.61146765230156,446.64617710162366,-0.4172173066041476,30.45281794927025,55.24893423933853,31.02343587465168
2021-02-08 10:49:21.656165632,North Brandy,Nauru,3.564408181160717,432.6566491678181,-0.4241477131982782,87.60230804430871,63.29526114923112,48.19554595760218
2021-02-09 06:59:04.914491392,West Nicholas,Saint Kitts and Nevis,16.440639568082087,394.93696454426953,-0.3289229598654957,59.8100937525958,80.01812458304664,16.962586712617494
2021-02-10 03:08:48.172817280,Caseychester,Greece,17.002794283701895,475.27524402479554,-2.034057704463731,25.27141483931996,85.66598336656513,28.5184889071533
2021-02-10 23:18:31.431143040,Port Michealstad,Guernsey,17.311093246301418,434.0772482481968,0.7856072522214933,90.02426169490057,35.193198233364974,28.458723679607207
2021-02-11 19:28:14.689468928,South Paula,Yemen,4.775851505291687,360.61432559273544,0.8366607072267275,43.84682109343613,6.899240115471739,44.56323596372301
2021-02-12 15:37:57.947794688,New Colin,Norfolk Island,13.582623248858615,421.866987133728,0.2866341341138594,92.72466789686084,31.18726332554337,42.60562800263992
2021-02-13 11:47:41.206120576,Port Erichaven,Russian Federation,15.771601074168132,318.5941982423547,-0.8689488286832354,34.20063171028641,25.087338178750752,20.904466733698374
2021-02-14 07:57:24.464446336,Port Alexshire,Malawi,15.350961062744076,429.78237857464376,0.2237822645320946,11.254101154943918,95.98886013398624,26.283922916266217
2021-02-15 04:07:07.722772224,Kentfurt,Gibraltar,21.320823814999375,358.2118368765366,0.0438688825231145,21.34938114125237,51.52873499463245,10.456121052502054
2021-02-16 00:16:50.981098112,East Jacqueline,Saint Vincent and the Grenadines,8.350619809113674,447.7884823292341,0.7487548947260951,42.19981179893819,4.190684026560443,29.371841430960004
2021-02-16 20:26:34.239423872,Mooreburgh,Isle of Man,15.048325772269555,408.61799306421904,0.2114408324954993,21.330091177271516,64.74748013548923,37.86396209318229
2021-02-17 16:36:17.497749760,Torresside,Uruguay,21.104155684795828,399.3370127776463,1.6061327473163562,62.22115601855312,40.36604735822642,20.33340685801918
2021-02-18 12:46:00.756075520,Blakeside,United Arab Emirates,11.136745713036373,400.15634731120736,0.0281061127743937,74.52162645956956,30.640260739291435,7.894709433343284
2021-02-19 08:55:44.014401408,East Mallory,South Africa,15.173619992131826,417.55684573887265,-0.7235071594417855,59.85901970218595,88.764546550007,39.72242768944531
2021-02-20 05:05:27.272727168,Sherryfort,Rwanda,11.448812185361792,403.8536279195306,1.321634110463852,92.47806615593136,24.094713998301287,15.183522381395017
2021-02-21 01:15:10.531053056,Lake Timothyhaven,Cook Islands,16.533506184533994,390.81036233849846,0.4334511036650192,48.86322383077234,50.18024633570256,29.487216028168273
2021-02-21 21:24:53.789378944,Port Williamville,Barbados,16.183151376808723,504.1029688262531,-1.6474629845665103,56.43448460687686,42.67567820979238,18.22083933231325
2021-02-22 17:34:37.047704704,North Brianport,Pakistan,19.902558052954568,413.71126042526106,-0.649144343626839,85.40400990036541,92.1121747459852,49.15229070182086
2021-02-23 13:44:20.306030592,Crawfordbury,France,15.398017893339995,386.96669941217897,-0.9594061714142268,85.57795511096013,74.656697251143,13.407451333672563
2021-02-24 09:54:03.564356352,Katherineside,Tunisia,19.87708189302204,397.0217213515049,0.6828182171232164,91.05661812129505,40.63579448753537,17.598838310996296
2021-02-25 06:03:46.822682240,Katherinestad,Saint Helena,21.52500848648802,390.262828917369,-0.8112521284336103,78.2179826050291,97.82675158590068,21.184597657430153
2021-02-26 02:13:30.081008000,Lake Amybury,Armenia,10.738581684078644,438.88722899637656,0.8709552275445123,84.23072208666866,34.97887459603224,28.01676881888895
2021-02-26 22:23:13.339333888,South Shawn,Aruba,17.906048962982524,451.9865490950592,0.4524754539507483,39.26697739139308,13.992460058550924,49.78665314656169
2021-02-27 18:32:56.597659776,Caseystad,Cook Islands,13.433389072890517,430.0674419701333,1.0698742134498715,44.85391807856078,0.2032493536305857,23.89344482145772
2021-02-28 14:42:39.855985536,Powersborough,Andorra,17.88826272338357,432.01832895273947,1.1933396606665552,51.62573246289431,53.252458271374245,46.22832505066749
2021-03-01 10:52:23.114311424,Mayfurt,Angola,12.986656749956293,424.73151196551953,0.7013003626830122,0.1185506088732468,45.21278279911007,36.9221429758011
2021-03-02 07:02:06.372637184,New Pamelamouth,Israel,19.00895144296053,406.7291820863361,1.564990309015904,13.503158424085726,89.31461183088324,30.327147422908745
2021-03-03 03:11:49.630963072,Parkshire,Martinique,13.331513240446954,448.5910509346131,0.9186879390066782,97.8723659166581,9.61276459377942,29.428665007834788
2021-03-03 23:21:32.889288832,Travisstad,Canada,14.502874829911478,394.38943068817775,1.0107108011714538,11.580368290978704,77.27414030681126,45.76582384184797
2021-03-04 19:31:16.147614720,Garciatown,Croatia,6.315798805669692,349.498080024489,1.674767357984226,4.582393786328298,45.18882850489918,4.592288396942274
2021-03-05 15:40:59.405940608,Lake Maryport,Malta,15.386426315103478,302.8758523947187,1.0535347320850836,11.77478654432239,14.322077353414464,23.64208232808008
2021-03-06 11:50:42.664266368,Martinezmouth,Aruba,8.68309263525667,487.0370891071587,2.0352091325543813,11.88734992243795,32.68415136774288,19.17983697887343
2021-03-07 08:00:25.922592256,Jamesbury,Estonia,11.959836101139366,378.8163876779992,-0.6170545137206542,38.33886706398238,23.26924980621613,29.80652468022612
2021-03-08 04:10:09.180918016,Vargasport,Madagascar,14.80537847988344,345.7801531948826,-0.8897102673474341,93.74960438653078,91.06517302984236,3.0458782071438764
2021-03-09 00:19:52.439243904,South Rodney,Maldives,14.10302817886905,421.6448210452023,2.47466083663333,67.1682477914727,16.32945749710587,13.336830895506344
2021-03-09 20:29:35.697569664,South Nicoleborough,Nigeria,6.200344867589646,342.9419717085803,-0.3472574889670428,78.92870746637252,90.85759325595792,10.34257035907536
2021-03-10 16:39:18.955895552,North Barbarahaven,Bahamas,14.1020101685866,279.61530675222696,-1.0673088206084178,6.219734129105159,25.35281835116875,33.70436449421973
2021-03-11 12:49:02.214221312,New Nicholas,Hungary,21.386624677859064,264.1687998955042,-0.7677226519859779,7.694544453036167,72.81535928882371,42.17909914069882
2021-03-12 08:58:45.472547200,Hortonfort,Colombia,11.859996652187233,312.25846193702074,-1.285824999421186,57.74712703224656,95.83280425022778,39.44845922430823
2021-03-13 05:08:28.730873088,Mariachester,Macao,15.45227649104984,443.6633741180966,-1.18421333424982,69.76203097380389,12.35608299666614,0.0542910438146193
2021-03-14 01:18:11.989198848,Emilyfort,Benin,19.038798947363944,377.33497298451647,-1.132411004208524,63.07190770633133,76.25567073887007,36.89675629164981
2021-03-14 21:27:55.247524736,Richardsside,French Guiana,13.373583716693345,326.5772906378523,1.523063815060132,53.09421832518577,70.77223901289615,34.64041819542398
2021-03-15 17:37:38.505850496,Richardfurt,Spain,15.316639749828113,361.5079985275446,-0.3209143131299338,80.84925918770205,70.45538678622717,25.823846936173787
2021-03-16 13:47:21.764176384,Sandraville,Australia,20.293501443621132,360.4717410094171,1.4163989592565205,31.33219245534199,79.52491732491251,34.989492591499925
2021-03-17 09:57:05.022502144,Port Jacobton,Bhutan,17.517271657266996,324.0835067829835,0.7348466209986911,98.95113879014768,2.680134853390581,40.687217842068094
2021-03-18 06:06:48.280828032,Lake John,Western Sahara,15.033018314831107,438.50577850793826,0.6721195026481684,75.16646377594223,96.3440127689249,43.06453110940286
2021-03-19 02:16:31.539153920,Rodgerschester,Puerto Rico,14.745600247903088,441.4719490565804,-1.4200432371523004,84.82391742549073,32.08522299428754,33.891929101139965
2021-03-19 22:26:14.797479680,Christineton,Luxembourg,5.573081886863562,429.9475963088944,-0.1329221376819698,64.71042715753686,79.56019573484912,32.48626290558663
2021-03-20 18:35:58.055805568,Clarkmouth,Bulgaria,15.472921353110245,466.7839473651698,-0.6508791878551848,99.96020480554095,20.4958941940826,22.25923944539493
2021-03-21 14:45:41.314131328,Port Manuel,Trinidad and Tobago,15.441899806356826,380.3535068246162,-0.5569344644036966,23.076250292288535,33.95315213251353,36.521289637497226
2021-03-22 10:55:24.572457216,North Joshuabury,Hong Kong,11.886557719952776,417.09769232576014,1.018258807292883,16.217881001651925,15.59677799329078,11.15123035544247
2021-03-23 07:05:07.830782976,East Lauren,Reunion,33.90797570512858,330.5847351323281,1.1980542501235918,49.40732498674463,47.492750737978525,5.97086092776723
2021-03-24 03:14:51.089108864,Kevinberg,Holy See (Vatican City State),14.114942057151428,418.9287699677545,-0.9849135230649644,24.957011210532933,32.221365858585116,0.1617306282860442
2021-03-24 23:24:34.347434752,Brianport,Dominica,17.724371746693137,403.52257730469887,0.3376041984816723,60.84368768020789,55.590886874912805,36.36341657075023
2021-03-25 19:34:17.605760512,Fordchester,Madagascar,15.030487918605246,347.6673348145966,0.0418490988213939,51.02961378199055,35.63093450145579,8.176474279032607
2021-03-26 15:44:00.864086400,North Kimberly,Kiribati,24.45424542752197,434.8269603000855,-0.5235832338006091,57.27088318847172,41.66497275538972,12.446594688600682
2021-03-27 11:53:44.122412160,North Angela,United Arab Emirates,8.470972287348982,313.5547260422946,-1.4286324283521548,76.24272043251206,27.81121489538425,40.6145057879218
2021-03-28 08:03:27.380738048,Bakertown,Nigeria,27.17274215410825,498.85273357465417,-0.0689637745611773,94.71172713849526,50.73049270353418,33.972197157819664
2021-03-29 04:13:10.639063808,Davidmouth,Sweden,14.53850957294408,415.1839422073821,0.9731837467338592,4.744456712583755,4.978908788541736,22.333856903290688
2021-03-30 00:22:53.897389696,East Jennastad,Comoros,19.582970854327325,372.3535183926703,-0.6546633184153909,3.086066858811587,25.45060949677777,6.112067058057747
2021-03-30 20:32:37.155715584,Jamiefort,Northern Mariana Islands,13.761477428523014,452.0671502397745,-1.1077020445810877,83.3263504002913,4.02276908505943,36.95632283770742
2021-03-31 16:42:20.414041344,Lake Don,Australia,25.08677898533641,347.92364981759266,0.7078463981854662,85.75045699731415,37.80539550627324,31.632164919518175
2021-04-01 12:52:03.672367232,Pennybury,Cyprus,19.55530360220465,432.0887558497312,-0.1426572042780528,31.47699673250487,96.95719570641889,4.799817183532628
2021-04-02 09:01:46.930692992,Phyllischester,Suriname,16.112067071558716,427.0888658427607,0.823058596054477,71.47396694762726,13.93843971417118,3.880419238409188
2021-04-03 05:11:30.189018880,Williamchester,Finland,20.67737694657687,476.4054537391508,0.01236747750127,52.138713312686605,81.66564843075766,45.148082427164425
2021-04-04 01:21:13.447344640,West Victoriaburgh,Australia,15.701315615568896,410.27563358866,-1.9616513747448183,35.033176081038675,47.51989526200953,48.34006774674751
2021-04-04 21:30:56.705670528,Anthonyport,Lithuania,22.194426326963708,350.07479001359314,0.0042701913356254,59.09214423107399,0.7010071833452591,29.611343711360515
2021-04-05 17:40:39.963996416,Lake Linda,Martinique,21.571881023222545,359.9036041160671,-0.1542912701611882,54.48953338136151,6.632465010016975,23.217879239127775
2021-04-06 13:50:23.222322176,South Amyfurt,Andorra,12.2090133334842,477.96079727270194,0.1895323659101795,38.12721339425045,22.55888165646623,37.4647843826213
2021-04-07 10:00:06.480648064,Cookview,Hungary,11.22754684893419,400.0088846851142,-1.4451607216457187,97.23718952321852,38.589868092287126,34.04142738637492
2021-04-08 06:09:49.738973824,North Lindamouth,Hungary,17.43947659359678,413.9678150734817,0.3251345404446008,56.634160596219274,4.299393294088338,5.258348930568735
2021-04-09 02:19:32.997299712,Herreramouth,Morocco,10.436834356837632,447.6009142802247,-0.1104114522191977,79.06432522524554,14.979300416361909,12.49649359883902
2021-04-09 22:29:16.255625472,South Kyleview,Trinidad and Tobago,11.224262129243296,446.0197688651462,-1.0907935192168972,75.83717800298083,65.05886726192873,5.0379348611932775
2021-04-10 18:38:59.513951360,Chanburgh,Bahamas,14.4808815108414,400.9546767776745,-0.0022814677976715,81.42100577304512,7.630290330619727,20.249969682209564
2021-04-11 14:48:42.772277120,Wagnerport,Libyan Arab Jamahiriya,12.696999595097772,410.4017767282297,-1.3863242994273473,7.734882842190471,28.214388087876863,35.525841209342
2021-04-12 10:58:26.030603008,Beckerton,Bolivia,1.4862658225005667,407.33806441592833,0.0700397974304137,29.574232107323805,18.549275486277537,7.290713980807673
2021-04-13 07:08:09.288928896,Nancyland,Papua New Guinea,11.805058883853835,396.8042552651092,-1.6014338471936471,69.57071525203712,5.7080103023252615,2.233192352282176
2021-04-14 03:17:52.547254656,West Derek,Gibraltar,10.489589619576744,374.42287907060586,0.9445211839791876,43.32226041737225,87.64368755959133,4.72337592644731
2021-04-14 23:27:35.805580544,East Sheilaberg,Poland,10.638059426981268,345.1386919167842,-0.6322133224130176,5.748195932028333,34.779164614185774,37.41621377076318
2021-04-15 19:37:19.063906304,South Benjamin,Haiti,13.987588938283404,473.3729301508346,-1.7491009260973718,2.5866938935814265,71.9980733418598,28.32380855669161
2021-04-16 15:47:02.322232192,Lake Dianastad,Israel,23.298416456044286,436.2830775134096,0.3109942573612558,41.23186519761517,20.60911148623621,22.791810924928157
2021-04-17 11:56:45.580557952,Mariaside,Mauritania,15.076994358616204,412.84714096659104,0.4290345218121327,2.9613026726692637,86.61775004267926,35.540387469963115
2021-04-18 08:06:28.838883840,New Jaredtown,Somalia,16.388266997705884,444.10340673463304,-1.0311992392586464,82.04352329481198,36.257229014891266,11.163993993343476
2021-04-19 04:16:12.097209728,South Erin,Cape Verde,10.922828105637167,405.6346334786614,2.2220954036600222,67.83610665063775,67.8436931920793,27.041378093543138
2021-04-20 00:25:55.355535488,Colleenburgh,Svalbard & Jan Mayen Islands,12.197544331399303,441.6220379155118,-1.824108565952606,70.8441675832611,67.63377182839695,47.34013814372616
2021-04-20 20:35:38.613861376,Cassandraville,Iraq,20.100336224630073,364.8620253754885,0.9989360822716143,0.6839039023934901,14.297303611363466,42.23907701261236
2021-04-21 16:45:21.872187136,Port Thomasberg,Wallis and Futuna,15.755168877925865,381.9491692638369,-0.8641989790527114,8.715884077260505,8.778157473291525,16.712644681546717
2021-04-22 12:55:05.130513024,Morganshire,Thailand,10.50649127650924,424.0428211215279,0.7363270155675424,31.794837710550905,23.32925693638486,40.86959721254239
2021-04-23 09:04:48.388838784,Port Elizabeth,Comoros,17.447451693077067,320.87488489058904,-1.3686504764971044,30.1643134866155,91.37917717393988,22.40633340377872
2021-04-24 05:14:31.647164672,New Albert,Djibouti,23.932417592603056,349.2312512409317,0.4780036957497338,70.61329597762222,16.883016130143147,23.7472012903081
2021-04-25 01:24:14.905490560,New Ashley,Greenland,15.81530201482693,317.0636458620477,0.3909448019209832,12.151025470872357,99.84005062978906,0.1390344399636811
2021-04-25 21:33:58.163816320,Alexanderton,Angola,11.894965572292504,423.98031107769987,1.2749895212576332,36.13272296239261,89.62966274881083,8.264421681462613
2021-04-26 17:43:41.422142208,West Earl,Myanmar,11.888543011110825,416.71378969683906,-1.364404611492765,68.5267886842317,21.766977768614037,14.608228977623073
2021-04-27 13:53:24.680467968,Lake Dakota,Tonga,11.869637928630429,411.1612026983254,-0.0833263849665567,98.6194521743423,44.745164465640755,40.37959830558269
2021-04-28 10:03:07.938793856,Port Deborahville,Congo,18.784635172531537,424.1709388797251,-1.0445895463856518,80.08660182944031,94.56844742256888,15.92182867010193
2021-04-29 06:12:51.197119616,Hillburgh,Central African Republic,16.104476530735838,347.9367772552456,-0.5010376226554184,59.734490945873965,74.08679625167511,41.306950547164455
2021-04-30 02:22:34.455445504,Patricktown,Svalbard & Jan Mayen Islands,12.225739837842047,279.24902226722423,-0.4108102896353019,59.4223323508942,72.95972173804863,31.63554727923054
2021-04-30 22:32:17.713771392,New Cheryl,Serbia,22.58825563667481,414.4802723205088,0.5184260873759727,91.2985342343444,75.15943237900186,18.515165891801814
2021-05-01 18:42:00.972097152,Thomasberg,Burkina Faso,20.834772561995585,445.39787181929165,0.205907672311642,28.91712156976709,50.473268158195886,5.129868528502346
2021-05-02 14:51:44.230423040,West Lucas,Azerbaijan,17.71763743949285,386.11240801771424,-0.7251765952292727,97.50940448641572,9.9560357371967,36.72250349820255
2021-05-03 11:01:27.488748800,Mackmouth,Niue,20.03303971163266,402.58732079915853,-1.7794480000519446,44.69934307353872,30.517978676662505,30.2939919129508
2021-05-04 07:11:10.747074688,South Michelleside,Maldives,19.789473445099837,384.4692056846922,0.0177958836357316,36.20178982872459,59.523536298054026,44.252627642886985
2021-05-05 03:20:54.005400448,South John,Andorra,3.6923152454527184,405.5675478756792,-1.0401400604790128,43.8176069579951,8.278715033632889,46.90239985273376
2021-05-05 23:30:37.263726336,South Jamesland,Jamaica,12.607135770878124,393.4282126444882,-1.391930291665361,61.13703097175256,92.66244164218143,8.274176947224687
2021-05-06 19:40:20.522052096,Lake James,Gibraltar,20.74533542606997,454.2536259874143,-1.5484402041497978,24.496064173588607,34.638511371507384,36.5264297183041
2021-05-07 15:50:03.780377984,Lake Megan,Dominica,21.073405566975875,461.27639357421754,2.10021404533275,89.51691032155259,14.372254972620734,30.445913541137916
2021-05-08 11:59:47.038703872,Robleshaven,Argentina,15.345853866211923,459.6041695887679,-0.5713987873102055,66.98699546713384,16.89504785800843,1.6020873844786343
2021-05-09 08:09:30.297029632,North Pamela,Somalia,18.765829077973017,405.6259409567117,1.826928682904568,44.31345009871022,92.56677280481028,23.492475172977816
2021-05-10 04:19:13.555355520,Burnettborough,Uruguay,20.101465429820077,450.4371847669254,-0.8281668817995688,85.26795319600843,49.74026340770495,2.5740942001366007
2021-05-11 00:28:56.813681280,South Allison,Guinea,10.9514610916674,302.99385922176714,-1.2636354297732728,95.68876952269596,76.57905760342902,5.637632051349622
2021-05-11 20:38:40.072007168,New Crystal,Nigeria,16.060234198483688,392.672996412417,-0.5276800668469036,75.13846768224035,82.78057963934064,17.98978103797707
2021-05-12 16:48:23.330332928,Richardview,Eritrea,11.575800879240326,411.7872876481348,0.1789654602140038,87.8943444136223,17.602287385112657,40.720265777816806
2021-05-13 12:58:06.588658816,Stoutview,Australia,10.390747061923596,406.1331470627497,-1.6373233390707735,25.108260881630628,57.52346333539187,16.13172646676146
2021-05-14 09:07:49.846984704,West Jenniferstad,Guam,13.02050342530524,443.26142329521383,0.2867085148908664,38.69979528970799,94.05794556871857,23.396731264391768
2021-05-15 05:17:33.105310464,Grahamton,Norway,14.70911465726774,412.61064513034614,0.3692931163308027,56.76316816509134,0.1361003422871709,33.12384919114034
2021-05-16 01:27:16.363636352,West Erinshire,Bahamas,12.7340194914538,448.3820622445939,0.0541899567419265,62.76007938433757,66.44005771318233,34.090475445820495
2021-05-16 21:36:59.621962112,Carolfurt,Sri Lanka,8.1858953620557,380.8085649108233,-0.4712853278871524,89.26880298992195,69.75657397526989,0.629753893945767
2021-05-17 17:46:42.880288000,Wesleyburgh,Afghanistan,15.166077841982815,313.6178602000045,0.8587779674932043,94.07134100701002,14.66004379564868,23.47919991973117
2021-05-18 13:56:26.138613760,Singhtown,Switzerland,13.736703678962384,347.3496474679172,-0.8346424643526406,40.212144000281015,81.5210409586685,49.542527568115595
2021-05-19 10:06:09.396939648,Robertbury,Nepal,3.417179865497758,421.88755188296454,1.125386615267827,97.13017428501772,78.2202799491781,28.42468840125517
2021-05-20 06:15:52.655265536,North Danieltown,Barbados,23.634755902319476,469.38672637925663,0.5110025553686334,66.797716006038,92.99592356596924,35.285138467803776
2021-05-21 02:25:35.913591296,South Richardville,Hong Kong,16.16282655509768,475.5355523174893,-0.0802335336987597,30.167925908015235,25.802204804746196,7.1848031847298435
2021-05-21 22:35:19.171917184,Davisburgh,United States of America,19.508531322382485,290.9435494456965,-0.4191643869336753,4.246244056043691,49.66510434593419,49.85539699634091
2021-05-22 18:45:02.430242944,East Jamesport,Liberia,23.964802188886324,382.2749170584793,0.5055668261277838,24.972693018474523,60.10087575648059,2.7076108437853854
2021-05-23 14:54:45.688568832,West Molly,Papua New Guinea,12.51991883428094,406.50889209264994,-2.0640400973968456,47.73670729671257,19.009473288157498,23.24852166741385
2021-05-24 11:04:28.946894592,South Patrickchester,India,12.84337286628613,334.3853348966061,0.7202051304455268,38.21315632449893,44.65854221008434,17.38010623398264
2021-05-25 07:14:12.205220480,West Christophertown,Hong Kong,16.58374338409165,425.5928240152003,0.2690324335188079,10.70943124228142,65.95155383991806,40.13674311639606
2021-05-26 03:23:55.463546368,Thompsonfurt,Pitcairn Islands,5.006415973642124,511.2730514818557,-0.4976033510971911,31.096699951110317,68.90120500715784,17.35048451350838
2021-05-26 23:33:38.721872128,Jacksonbury,Greenland,2.8768333154915275,309.4557347021454,0.8366683167109004,53.37642525122309,50.65953084571301,9.10855713649697
2021-05-27 19:43:21.980198016,Sabrinabury,Malta,10.524020338487505,400.05561083742384,0.6876943346984273,71.96971001432279,95.12752932997851,24.87597056407185
2021-05-28 15:53:05.238523776,West Christian,United States of America,14.913521637680883,392.608886076703,0.3528707559475026,52.17988051424216,35.95069454970127,14.28107489516506
2021-05-29 12:02:48.496849664,East Pamelafurt,Suriname,4.438031751308706,451.5860213801842,1.232334575923023,89.23194930829516,41.39248517051678,45.46739632705288
2021-05-30 08:12:31.755175424,East Kelsey,Oman,9.410135543635974,504.4135247662133,-0.3779393376524057,44.52407053370956,39.0285044281034,27.657978579425365
2021-05-31 04:22:15.013501312,East Tyler,United Arab Emirates,19.02533248243585,425.96441075395023,-0.2116521897349638,83.73616564443171,35.91723079713387,4.683094550349071
2021-06-01 00:31:58.271827072,New Andreaport,Nepal,11.882186563806275,371.2957621969239,0.2462843877773259,26.817252114451872,10.70152138816416,21.007151635144695
2021-06-01 20:41:41.530152960,Sandrahaven,Saint Vincent and the Grenadines,20.009081016978108,374.4554021529094,-0.7452138007881756,4.468366062887286,43.41865784105406,46.03050060395131
2021-06-02 16:51:24.788478848,New Justinmouth,Burkina Faso,11.39748500146779,402.4663507584349,0.1363267939954906,13.877733797742852,31.41352635021545,12.41530342098036
2021-06-03 13:01:08.046804608,New Justinfurt,Fiji,8.04576471635226,379.8532636999713,0.2533313774016761,98.55851972368316,92.90003545610004,44.71701433826176
2021-06-04 09:10:51.305130496,East Roger,Zambia,4.82298562913912,467.1060698411056,-0.3532678910099187,51.860025566709986,18.16572809959991,34.861338335303095
2021-06-05 05:20:34.563456256,Port Jason,Jersey,14.878186700179093,315.8610160967708,0.7375607453737476,44.80496712687851,9.89985616604958,22.51698341820461
2021-06-06 01:30:17.821782144,West Devinside,French Southern Territories,18.058770603867135,423.0891335323171,-1.113931429938298,36.93473083704968,23.351934549813368,1.642137760868001
2021-06-06 21:40:01.080107904,West Aaron,Mauritius,22.301638540612924,435.05248901053073,-1.7567275583254378,19.083117236159996,30.30731997882049,49.83061532215724
2021-06-07 17:49:44.338433792,Melanieport,Aruba,12.674252342481015,386.1902456873182,0.3562608919409459,99.17939782665682,6.319564634122377,41.3400065840625
2021-06-08 13:59:27.596759680,West Davidfort,Nigeria,19.781834298711065,379.56709004507974,-0.1555217953508295,23.831602427870024,99.82468429868857,47.163173341635314
2021-06-09 10:09:10.855085440,Carsonside,Azerbaijan,22.78176393551894,385.1939927210242,-0.3380481188514719,26.25965295738699,72.36746917982137,30.89650731299548
2021-06-10 06:18:54.113411328,West Nicholas,Lithuania,28.361629880318368,258.7517042910714,-0.4137237598080985,80.7096229977333,97.15764371173384,10.321948924571078
2021-06-11 02:28:37.371737088,Marychester,San Marino,13.93384377501402,421.39307865051273,-0.4314927061251307,8.37069223881387,59.78806942652768,27.512681438853058
2021-06-11 22:38:20.630062976,North Megan,Cook Islands,15.856710821944649,301.0799313045013,-0.0676542329405077,88.28986496784051,81.82988617228851,27.245023266278594
2021-06-12 18:48:03.888388736,North Christopher,Romania,15.921120536161483,402.06626430592394,1.1169694797923575,62.97143745048398,95.99389126498912,34.25616765767444
2021-06-13 14:57:47.146714624,Trevortown,Lebanon,13.145352106732425,390.8230246980144,1.4870812638001605,72.98766533434718,96.27742298584322,24.577389114989217
2021-06-14 11:07:30.405040512,East Robert,Falkland Islands (Malvinas),19.547354151201343,402.9282091870376,-0.2106110591026562,50.96098940832151,35.75528098180087,9.716349938523534
2021-06-15 07:17:13.663366272,South Natalie,Ukraine,16.3315200509279,413.90972170266855,1.7817470717065416,26.94865403466521,99.91246394170696,32.06760509832602
2021-06-16 03:26:56.921692160,Port Emily,Rwanda,19.67587680293644,323.83619160944403,-0.9317442741307258,8.62510258856476,95.57296336043676,24.58940252757112
2021-06-16 23:36:40.180017920,East Brittanyside,Finland,-1.430583797798409,408.8328313094654,-0.9727227567826112,59.743347623378995,56.99487977320202,6.557669648367348
2021-06-17 19:46:23.438343808,Danielschester,Uzbekistan,7.084939263911854,364.2088035355622,1.2314514814956306,21.216171093722775,31.864999410445204,2.3597586167759923
2021-06-18 15:56:06.696669568,North Dominiqueton,Guam,17.56987883632254,395.7427042730457,-1.852941015513929,27.67633064699221,6.384417541710508,7.610318553868684
2021-06-19 12:05:49.954995456,Stacyview,Cambodia,12.539200769523395,301.1876917661591,-1.45339419820987,16.30494136483773,61.221687777913246,30.446766727330655
2021-06-20 08:15:33.213321344,Oliverview,Costa Rica,19.586630253485502,398.009369362247,-2.213848650580504,12.436552557138668,56.84179502334346,11.830403397457683
2021-06-21 04:25:16.471647104,Weberfurt,Turkey,16.670140823835972,301.43215993207616,-1.1662208544146129,38.79647590858837,89.56958709318518,20.448574576913085
2021-06-22 00:34:59.729972992,Hoganmouth,French Southern Territories,13.596321681198225,379.89585404854273,0.0187876322408009,0.9848634476171568,78.77606458609186,32.82031826601861
2021-06-22 20:44:42.988298752,Port Christinamouth,San Marino,16.96760086950111,390.04552939772344,-1.4807911152444453,50.33701793261821,64.21250629383522,48.15004086168818
2021-06-23 16:54:26.246624640,Baileymouth,Nigeria,18.291928072182618,349.1329289166339,0.5744919901026422,21.998972824885588,70.89278421385234,28.419396558272815
2021-06-24 13:04:09.504950400,East Kevinside,Tunisia,15.749411154744871,432.4192441083893,-0.1045040585171185,37.930013636841274,20.221351301413403,14.74894397632583
2021-06-25 09:13:52.763276288,West Chadmouth,Czech Republic,8.300941628016488,378.5893106771774,1.6665031209561183,61.07254124010818,3.811534870487277,9.31028889444742
2021-06-26 05:23:36.021602176,Jonathantown,Martinique,19.905717895873483,359.13228929011086,1.5455702465419203,72.78458991400252,85.26597028895891,16.998568800180326
2021-06-27 01:33:19.279927936,Walterstad,Saudi Arabia,15.15355605386678,437.2282053737706,0.8399442269066888,18.24249648733054,49.19751616250417,11.996346104033313
2021-06-27 21:43:02.538253824,Crawfordside,Singapore,8.85506833615085,387.47187096502455,-1.230354353760292,55.438496697940266,43.455223391467555,36.05734034874995
2021-06-28 17:52:45.796579584,Caroltown,Slovenia,21.255243072726575,342.7787937548084,0.1308212576611412,36.71651316152411,29.66030722473503,33.550434434069246
2021-06-29 14:02:29.054905472,East Amber,Guyana,16.43805886326231,385.14196074414184,0.2246525096963715,61.42029261480614,47.542361751256514,29.675015577757907
2021-06-30 10:12:12.313231232,Maryview,Mexico,12.696425878846323,463.9156359168199,-0.3600180532697519,28.510204816132713,35.461655187215,37.646680293752596
2021-07-01 06:21:55.571557120,South Richardland,Aruba,11.88320618798504,518.7430361108601,1.3286608226931271,54.34139012418723,5.83317996065399,11.079244062901116
2021-07-02 02:31:38.829882880,South Meredithview,Malawi,5.731019961163922,383.1381174387715,1.8768259012829591,60.47011251821576,72.356456072357,24.466453115866248
2021-07-02 22:41:22.088208768,North Alisonshire,New Caledonia,15.161780978485044,351.10506669806284,-0.9228012342346952,20.44842045200472,51.74483354031345,21.192470674931418
2021-07-03 18:51:05.346534656,West Anthony,Iran,19.780966974550267,496.1523147507456,-1.1677955661539003,14.341261280702,89.87946074405619,35.06283817987144
2021-07-04 15:00:48.604860416,East Charlesmouth,Chad,22.733209264856455,450.00140498558943,-0.6562092608978325,0.9042741578608736,1.529911318423205,48.63261376103123
2021-07-05 11:10:31.863186304,Nicolemouth,France,10.07637527379301,450.5592525357608,1.184204681397669,57.84473718838373,86.65017231745735,26.575285445056533
2021-07-06 07:20:15.121512064,West Richardton,Mexico,9.10635762205406,388.138526224074,-0.8689192123708458,20.130652192927588,59.721222241611336,9.028505104072549
2021-07-07 03:29:58.379837952,Smithbury,Bahamas,11.609382469684622,375.4515979408894,-1.2259706338251632,89.0401844380921,50.30214452830878,32.37044338697114
2021-07-07 23:39:41.638163712,North Mary,Mauritania,15.83853419684257,444.22907291673494,-1.2435650119480235,4.387217356469886,42.85963044822279,15.6586399367157
2021-07-08 19:49:24.896489600,South Amanda,Japan,23.044444180721953,479.1089375117486,-1.131177144653872,18.911236374136763,69.34454933818003,12.658684636180068
2021-07-09 15:59:08.154815488,New Laura,Philippines,23.994833184744664,417.484415800424,-0.3186765855846199,44.22509364381677,95.42113285014231,11.36083732414201
2021-07-10 12:08:51.413141248,East Chrismouth,Dominican Republic,16.868382182506217,373.45240661520046,-0.2562949281120056,33.47538356294767,84.68553603935368,31.300967209772462
2021-07-11 08:18:34.671467136,Aliciamouth,Uganda,11.545505057732337,454.7033052670783,-0.7175945111725704,68.64570927129034,10.209403939366158,3.846941327230163
2021-07-12 04:28:17.929792896,Michaelchester,Chad,12.698282874859668,396.0312295079034,-0.6868360711422118,69.54675344416302,12.32161808022254,32.95709625086169
2021-07-13 00:38:01.188118784,North Danieltown,Anguilla,9.501749800608955,343.69959410022034,0.1412568074201418,69.06681467631576,67.82915795423317,5.132966087661201
2021-07-13 20:47:44.446444544,East Keithtown,Puerto Rico,17.443477241209735,454.12225998138933,0.3973867720766798,26.07204582889703,31.236442982372704,24.753484554154177
2021-07-14 16:57:27.704770432,Kristenburgh,Cambodia,15.462859750654466,411.46225023302895,1.5259268308998408,56.77821007191152,41.78731436822515,39.08805162160597
2021-07-15 13:07:10.963096320,Wallaceport,Sao Tome and Principe,19.14010987170107,337.1475231305608,-1.6502747851449762,83.34262009450232,48.383366054556575,10.095868861005714
2021-07-16 09:16:54.221422080,North Justinchester,Armenia,17.272690329947967,421.8885490994229,0.0396134509883257,10.160880307773468,52.562783050617625,33.9101139408939
2021-07-17 05:26:37.479747968,Kelleyberg,El Salvador,8.373170774247122,307.8359390957312,-0.8628370573519898,81.5576310380582,17.998967571304004,47.81125747385595
2021-07-18 01:36:20.738073728,Donaldville,Egypt,17.310069135572597,431.536042234267,-0.8604823155843615,18.01701176221081,84.02957084383297,27.418770428397643
2021-07-18 21:46:03.996399616,Ryanstad,Guinea,12.109281305264826,447.0606038335612,-0.8267840744555043,12.62230927551149,52.517194328458615,44.002400808289806
2021-07-19 17:55:47.254725376,Dawnburgh,Croatia,16.12224239846719,443.7695750112093,-0.0020303081371073,55.74668846618051,0.1561674436296178,25.69335418814723
2021-07-20 14:05:30.513051264,Jamesborough,Tanzania,16.364514672583265,322.4842038920131,1.1133106317307726,21.715417974533736,52.01986171130925,14.513900705622667
2021-07-21 10:15:13.771377152,Martinezmouth,Saint Martin,18.746294157000648,358.49552512057903,-1.57775856804316,29.654208405432836,36.79348716493028,25.73153944268114
2021-07-22 06:24:57.029702912,North Crystal,Malawi,10.911492196880712,356.3572402911699,0.3718631271050458,32.789854467445224,6.781218168944692,12.788310370597747
2021-07-23 02:34:40.288028800,Patriciaberg,Comoros,15.138465887650662,305.1646808206942,-1.0813458130707954,66.21134062989329,78.13987627008765,4.083547175875946
2021-07-23 22:44:23.546354560,Lake Benjamin,Tajikistan,14.334335061894338,421.6115968248386,-1.74150576823395,86.8470185627539,94.13084407326424,31.088512712336396
2021-07-24 18:54:06.804680448,South Josephville,Zambia,12.705360879790064,411.26196822884634,-0.364070164677077,4.521395256312044,72.51123086700657,48.53986892441565
2021-07-25 15:03:50.063006208,South Michelle,Saint Pierre and Miquelon,16.01726393712171,350.9666189038592,0.7315005440213364,64.81728674158913,93.63637410306708,9.84451718669725
2021-07-26 11:13:33.321332096,New Jasonhaven,Czech Republic,9.95565504575198,329.78290572408184,1.227202403533854,27.23275079695641,62.51102360821038,31.990839435643604
2021-07-27 07:23:16.579657856,Christianchester,Niger,5.40132004095811,475.3627823189479,-1.2430562037332016,63.24581043362384,81.61668117137432,16.512227646410942
2021-07-28 03:32:59.837983744,East Melissaburgh,Fiji,19.388880758840777,426.5114550198013,-0.0747593670536253,47.9070251210904,2.4342235879599383,34.66296174997987
2021-07-28 23:42:43.096309632,New Michaela,Mozambique,20.520451391286393,366.22360635870626,1.3774039541838026,38.536484405594685,2.5677772643985186,9.906555405291629
2021-07-29 19:52:26.354635392,Bryanview,Iran,12.657175355438463,443.5627440860008,-0.962224264828564,92.5026100929944,74.40335321739957,5.571450093790753
2021-07-30 16:02:09.612961280,Elizabethberg,Greenland,15.987309067405638,386.4006791515428,-1.0252268060556888,30.755175006228676,3.687393574657371,14.56756122149237
2021-07-31 12:11:52.871287040,Port Marcushaven,Netherlands Antilles,11.820706862199785,420.5679552811499,-0.4883496968712247,41.74734721433189,9.379212074798849,4.582252171038398
2021-08-01 08:21:36.129612928,Katelynport,Benin,12.000144288921968,374.64101990203983,-0.5574468755523966,6.62436586329701,40.26462352711727,35.14243270245426
2021-08-02 04:31:19.387938688,Hallhaven,South Georgia and the South Sandwich Islands,26.53904492977228,398.7348822581015,-0.0052520918214601,80.41995610465162,83.25631688965692,15.192536435269291
2021-08-03 00:41:02.646264576,West Mariahshire,Pitcairn Islands,12.50300664123994,455.32942737163773,0.4030066541336604,15.023416588244686,86.2246652901112,42.80438882941595
2021-08-03 20:50:45.904590464,Lake Apriltown,Nicaragua,15.568305717153835,375.389398067592,0.5326503710150123,18.683713935893387,75.35127096487338,36.98240063345559
2021-08-04 17:00:29.162916224,Angelaborough,Liberia,16.699327600317904,444.8474004994024,0.41104645898222,2.144606042981212,76.93770691302498,22.32169595678184
2021-08-05 13:10:12.421242112,New Heather,Djibouti,13.806574521538748,417.06033227752096,1.6670040916333246,20.872785948133387,63.616924394599195,40.14200060351889
2021-08-06 09:19:55.679567872,Gateschester,Wallis and Futuna,9.391457822592598,384.3956553194994,1.0116736240110384,40.0576679129137,7.919450435201114,0.7786594811924286
2021-08-07 05:29:38.937893760,West Kellymouth,Botswana,8.772566934539613,321.6621711415267,0.2782307525829644,45.485878623498145,89.28282169877345,44.64745456917627
2021-08-08 01:39:22.196219520,Kingberg,Bosnia and Herzegovina,20.406122102151073,336.08681148098714,-1.6654423333198722,48.046996498193565,54.00018953474435,30.786264220385096
2021-08-08 21:49:05.454545408,South Marcia,Egypt,20.505638004334763,336.7108009649563,-0.5767982048305363,91.4930304657937,97.3012135180522,36.67636924801469
2021-08-09 17:58:48.712871296,Juarezchester,Sudan,15.491573116065917,362.929358460741,0.4040758477085238,41.70629800369435,95.2883181855497,9.891309571961177
2021-08-10 14:08:31.971197056,Schwartzchester,Togo,7.310709268539859,423.66999660032104,0.863717416784331,97.67503552956455,11.515352668960588,33.70617102126923
2021-08-11 10:18:15.229522944,New Kylestad,Honduras,11.999667867702687,359.9649799031459,-1.2826556801896662,41.11085589785042,22.55318520788564,10.97924405921914
2021-08-12 06:27:58.487848704,Lake Cynthia,Burkina Faso,9.3986724087268,511.84746360229974,-0.866094188291081,92.62106437485788,0.0540568486916193,8.139454610070946
2021-08-13 02:37:41.746174592,Joshuahaven,American Samoa,17.9223210010804,393.2203788258981,-0.2450135401995158,5.329876724650029,94.95864907060614,2.7376391887754705
2021-08-13 22:47:25.004500352,Josephborough,Bahrain,14.7816172305349,405.1819674073069,0.4923662072553313,5.837394049774125,16.697715387973624,38.54698712755373
2021-08-14 18:57:08.262826240,Jerrymouth,San Marino,16.61885578584324,387.32774679327935,0.4704202592317723,8.203187716554394,77.93744184085493,17.571471317961684
2021-08-15 15:06:51.521152128,Kington,Sri Lanka,16.644526918420425,357.6136365223541,0.7364145586252553,13.22599765644087,98.50742065758608,12.314893520520764
2021-08-16 11:16:34.779477888,Port Diane,Norfolk Island,16.613730844237292,381.7842342623919,1.0343555377691824,33.13770148877248,9.736301927967828,42.80495748485965
2021-08-17 07:26:18.037803776,Port Katie,Mozambique,19.54291246200168,462.26133746643734,-0.2177969997815446,97.60180980312124,72.88473403403198,43.33787663187006
2021-08-18 03:36:01.296129536,South Amandafurt,Liechtenstein,9.4911832221824,330.11167365778203,0.5980060961819536,91.4991194656438,79.4328975454741,37.6942170627505
2021-08-18 23:45:44.554455424,Schmidtfort,Togo,5.2616111851378875,421.8268290479873,-1.125670652515316,66.52154711896749,37.818432251930346,14.09218936830247
2021-08-19 19:55:27.812781184,South Daniel,Sweden,11.70092471609066,386.5087681404746,1.4954233345746837,12.581282659722138,68.6230053723237,42.58409422066652
2021-08-20 16:05:11.071107072,Port Lanceburgh,Saint Lucia,17.193495970890144,310.8645896067329,0.2482547836916847,25.89961223166821,81.89074172562513,8.516196612486299
2021-08-21 12:14:54.329432832,East Brittanyfurt,Malta,13.77248020386493,341.2833946019442,0.0731415031406679,67.75650353470867,56.137234730698104,19.64707150977036
2021-08-22 08:24:37.587758720,Lake Joyceview,Iran,9.46620847079148,456.4444481844101,-0.413192154580938,35.748216401512735,7.686912597858275,20.21574676057653
2021-08-23 04:34:20.846084608,Lake Ashley,Honduras,20.00252929415952,385.8218305003754,1.3713477518978965,11.572540866378954,5.577722580874777,21.786846543895145
2021-08-24 00:44:04.104410368,Port David,Luxembourg,20.174053230244468,383.26456324622274,0.7919996224230988,19.61759662488848,27.758092445972306,32.15032235543692
2021-08-24 20:53:47.362736256,East Jesse,American Samoa,20.111423776290664,444.16437054712526,0.6227709748477537,54.421291414841235,5.0121232293013795,22.620683716002905
2021-08-25 17:03:30.621062016,Port Elizabeth,Senegal,9.15688333062269,440.0502586963207,0.4459473462985499,96.04209800028312,40.7913025832324,21.745561626126698
2021-08-26 13:13:13.879387904,South Robertmouth,Faroe Islands,13.084023059658085,413.43469339687607,-0.5464499973230191,1.3362699137028478,83.47279943595925,2.0699156960376666
2021-08-27 09:22:57.137713664,Jerryside,Serbia,7.304661645800544,347.7313577340068,-1.1527567438808817,84.04675827945448,93.05968115072952,20.256243793868435
2021-08-28 05:32:40.396039552,New Adamport,Fiji,17.851743336480048,327.8946931065565,-0.6303459978213046,44.71000338486959,99.7402207932818,16.732120212183244
2021-08-29 01:42:23.654365440,Masonside,Cayman Islands,14.487486894526867,414.6175805468813,-0.8793529045305297,53.980071108569305,76.20976612366216,31.20722364356871
2021-08-29 21:52:06.912691200,Kristashire,Reunion,16.19632316921728,382.699112675099,-0.012629848637904,13.986785738527118,88.14883909021884,0.1404688913726082
2021-08-30 18:01:50.171017088,Jillburgh,Chad,8.947760342725825,353.113483169377,0.331671010368032,93.39672370346452,33.49158324574867,33.51639229876548
2021-08-31 14:11:33.429342848,Port Melissaview,Dominican Republic,23.59307313178327,457.2257193804653,1.1727432735955212,37.81765036958611,64.37134339587664,32.27390201913662
2021-09-01 10:21:16.687668736,Billyshire,Mexico,20.227070737241693,361.06858706632187,0.4928099605017926,58.052376930228945,91.26271075748237,44.620303614689725
2021-09-02 06:30:59.945994496,East Kathleenport,Iraq,17.61002609704709,415.06894463673615,1.0187794964336994,97.90813764276662,0.8878286141898561,22.375238645867285
2021-09-03 02:40:43.204320384,Lake Melanie,Saint Kitts and Nevis,22.769177425305028,376.185394410701,-1.2538659049951864,12.85838434116764,23.247214438738595,5.781811203323017
2021-09-03 22:50:26.462646272,Froststad,Estonia,22.476485869006172,264.06782837836886,0.953047317989505,23.16922159288565,19.988588737175007,46.03654292527167
2021-09-04 19:00:09.720972032,New Johnnyview,Mozambique,13.362218978288205,394.62910644174,-0.6487830936021923,87.78369524874074,69.88008003277209,14.092326889719796
2021-09-05 15:09:52.979297920,Jillfort,Latvia,7.364848469161752,352.39305936507094,1.3998952529788558,44.298545468947616,74.62430587520127,45.7983885114848
2021-09-06 11:19:36.237623680,Murphyhaven,Morocco,20.62446786209884,463.4018947067562,-0.0488007021456107,82.90833400789947,19.11896306001995,0.7158171652743572
2021-09-07 07:29:19.495949568,North Jennifer,Belize,18.92940310332813,361.9856686079455,-0.0712583039461852,11.14921405261411,73.5469729230033,21.3866158192836
2021-09-08 03:39:02.754275328,Jillport,Lesotho,16.950739984682283,395.4771145816589,-0.2489431167250441,83.82756569119437,72.1821303199311,45.66070332050145
2021-09-08 23:48:46.012601216,Port Gabrielberg,United Kingdom,15.544150154174252,372.2394562154776,0.2196791087571112,33.920301206931505,56.51973977346845,38.976609247287584
2021-09-09 19:58:29.270927104,Carrillohaven,Tonga,11.492496616566036,455.961106592577,-0.5435486364287861,32.005144641626245,97.28453742552136,42.298480114239254
2021-09-10 16:08:12.529252864,Theodoremouth,British Indian Ocean Territory (Chagos Archipelago),18.16087771978393,449.96757946608454,-0.5946623127647309,16.131438493748995,56.014086526391026,1.6087294523689843
2021-09-11 12:17:55.787578752,Matthewton,United Arab Emirates,22.44978934068382,408.5154955362739,0.43947697351632,11.27752890006698,89.62064569241744,28.946022919412577
2021-09-12 08:27:39.045904512,South Charlesfort,Jordan,17.199323087943117,397.6059275583988,-1.0994685322307427,67.29275524500773,56.909066439280565,46.22428542190123
2021-09-13 04:37:22.304230400,Port Christinehaven,Puerto Rico,16.15153285755612,437.5571080603438,0.2708825397852019,45.69262866022217,75.30205399970455,44.000869897029474
2021-09-14 00:47:05.562556160,Jacobbury,Jamaica,25.87056000522822,385.9106773934717,-0.5080044644364473,34.5711043243402,72.87712093277621,44.97313778661455
2021-09-14 20:56:48.820882048,Robertsonland,Ecuador,16.31261947825188,370.67192648996337,-0.4163476116844201,97.56833738772374,3.200569333759118,8.799595616394097
2021-09-15 17:06:32.079207936,Stewarttown,Cambodia,10.263491573694534,419.2174994299884,-1.2899651133529912,46.03157032476861,17.656895424038023,48.88403590044233
2021-09-16 13:16:15.337533696,East John,American Samoa,15.594970431166148,483.6712450461216,1.6595367540329138,23.1236983968935,14.019497619766495,8.203196596342732
2021-09-17 09:25:58.595859584,Thompsonside,Djibouti,11.452890575196651,415.0048454929845,-0.315806118455488,64.84390303633532,66.00654295457406,14.3995308933473
2021-09-18 05:35:41.854185344,Danielport,Burundi,8.335938701595849,373.9575781937002,1.0950480175409982,35.2366004898841,9.409567836979404,27.1789278687244
2021-09-19 01:45:25.112511232,Port Cherylstad,Oman,21.785814164810084,455.5759924398654,-0.1078102326962613,72.05168754874232,95.0082126831242,36.58720792363256
2021-09-19 21:55:08.370836992,New James,Ecuador,17.137537922002863,342.98829578460567,1.4514238807816149,30.533205226658342,45.77298815168819,14.581509208957144
2021-09-20 18:04:51.629162880,Taylorborough,Reunion,8.050802982050676,387.238676951727,-0.6053688392347792,65.50646733729424,44.67646409255048,27.94081761178038
2021-09-21 14:14:34.887488640,West Caitlyn,Greenland,9.27595413746504,347.8253014556101,-1.0049675786654717,9.93453392272894,39.001898799045,48.308051543494834
2021-09-22 10:24:18.145814528,Port Jeffrey,Western Sahara,12.017091999194344,403.4206487940803,1.2494679543265217,64.46015998438271,67.42952836835599,35.538439598761116
2021-09-23 06:34:01.404140416,Beardstad,Guadeloupe,12.295372549569262,420.0254226662177,0.0256709485253473,83.95158095820968,1.7537053374676814,40.73080128372383
2021-09-24 02:43:44.662466176,North Tina,Senegal,19.02551529754259,398.76197653639827,-0.2126553695088467,28.95052082966939,76.30909124030649,13.650436874491694
2021-09-24 22:53:27.920792064,Lake Adrianafort,Saint Lucia,18.16578282106113,444.85493991960453,-1.7876133490244572,24.64011587414997,21.904493680532877,1.0300410691088946
2021-09-25 19:03:11.179117824,South Jill,Saudi Arabia,19.170295152331946,411.12060787013183,0.0922655820231894,46.11813013982539,6.669626191743683,46.17881782987612
2021-09-26 15:12:54.437443712,North Garyland,Qatar,18.076781513852637,487.6656433384335,1.0868542282293738,42.45448844009564,31.247389267297343,45.40757493995952
2021-09-27 11:22:37.695769472,North Chelsea,Belgium,8.919843359317284,337.71686582877584,0.2834751276881577,53.712139125819114,35.466768785726174,9.679750810371951
2021-09-28 07:32:20.954095360,Brockberg,Israel,9.881573580548814,395.18173711714,-1.0201014217191358,90.97721260058267,43.11923347516592,45.52116567957197
2021-09-29 03:42:04.212421248,New Amberton,Cocos (Keeling) Islands,16.46012989936762,351.0104700439907,-1.4574147102912574,46.74635573685026,5.22253363063816,26.415760327980664
2021-09-29 23:51:47.470747008,East David,Ukraine,17.67225716066836,414.1032069758507,-1.3043450086553363,4.609725192013725,70.85185819228217,27.382690813492975
2021-09-30 20:01:30.729072896,New Laurenfort,Chad,16.952848233399624,285.12906790323643,0.4649072168196627,35.39022590334944,44.8622603216627,42.6570299485505
2021-10-01 16:11:13.987398656,Geraldchester,Mali,16.299292491761054,467.1419936076295,-2.080485723611233,87.87401670648678,59.14100171898431,35.07992923778441
2021-10-02 12:20:57.245724544,South Nicholasbury,Central African Republic,25.54840973931318,436.51566152413534,0.5210650138897086,53.46259289447164,47.99254575009768,3.7067468859919903
2021-10-03 08:30:40.504050304,Mendezburgh,Lao People's Democratic Republic,21.56243065712431,309.65398967797216,-1.183465414638676,53.20997003894738,44.45139940071451,16.66155441366036
2021-10-04 04:40:23.762376192,Jacksonmouth,Vietnam,10.029078086395533,409.1386779722902,1.2147102180975518,64.11157626674195,88.4145709821514,28.820826089057437
2021-10-05 00:50:07.020702080,West Amychester,Morocco,17.63554340300148,399.4415934125684,0.7786361481048772,17.53838315011268,64.82294287028448,47.13784566724968
2021-10-05 20:59:50.279027840,Ortizstad,Belarus,11.933355151973077,374.49152813823713,-0.2891145592302346,90.8028609129264,34.29835204247532,27.06511971243743
2021-10-06 17:09:33.537353728,Brianport,Georgia,11.388517668606978,385.57492966612,-0.2309341183613423,33.34143939498878,78.73840664500351,3.758105751795488
2021-10-07 13:19:16.795679488,Port Abigailmouth,Palau,9.102004501220565,338.4418937449205,0.3723330011164955,85.63775456224376,98.71913732529777,20.397635778888173
2021-10-08 09:29:00.054005376,North Elizabethview,Chad,11.081886115488658,360.1897898357029,1.0088544442429574,23.374134490448416,68.54148666026536,5.637203948436214
2021-10-09 05:38:43.312331136,North Tracyview,Liechtenstein,16.582741477458036,377.23625041695175,0.0956535295213976,39.077005347777295,79.08238778265162,46.06851999330359
2021-10-10 01:48:26.570657024,Andreborough,Afghanistan,23.77946250741144,407.67814523620456,0.1579508832321556,53.86533126953138,47.69846668351685,8.98560136065255
2021-10-10 21:58:09.828982912,East Juanville,Lithuania,8.852350339860084,482.3981111203449,1.3118438174553153,9.085713541020734,52.752549699009144,17.430451905626924
2021-10-11 18:07:53.087308672,Port Destinyhaven,Georgia,4.827492946911837,504.229756220074,0.0709627844310185,40.89454864891544,38.748024370412125,36.012741872492455
2021-10-12 14:17:36.345634560,Hernandezstad,Samoa,6.975345410202124,353.82888196312575,0.2163601058252136,61.89537264088869,85.41300796013329,9.696539157772888
2021-10-13 10:27:19.603960320,Lake Rita,Bahrain,17.369686111036607,376.92534529726817,-0.3323108457419392,16.458527908981768,5.870308290383919,28.92295846252767
2021-10-14 06:37:02.862286208,Reginaberg,Haiti,21.39902407290352,330.3398437094851,-1.2482996482797142,77.57364837127135,69.89887204074923,15.417539389445544
2021-10-15 02:46:46.120611968,New Russell,Monaco,15.447288089746664,498.4744017274611,-1.4112741371938755,57.091231986541366,81.7906285334811,29.582556932884284
2021-10-15 22:56:29.378937856,Wilsonmouth,Luxembourg,14.06245594106357,378.1144597272452,-1.2091034109751782,52.22274884566396,95.41847201658794,41.03445262065782
2021-10-16 19:06:12.637263616,Lake Robert,Western Sahara,13.97997213343973,438.6861926750848,0.3979441563686898,78.20737838032561,3.0163531282377143,47.540488259738474
2021-10-17 15:15:55.895589504,Barbaramouth,Togo,11.761433889153023,309.92762514594,-0.2693148693212829,7.7652296271746195,58.203277113613616,43.98923739392725
2021-10-18 11:25:39.153915392,West Allen,Chile,19.419242474047135,415.8907179094842,0.1387794698888358,57.25123792788144,0.0649524164492598,39.68484914055309
2021-10-19 07:35:22.412241152,Gonzalesmouth,Heard Island and McDonald Islands,13.352324378023082,419.6460705680292,1.645119189176068,90.9142602745506,41.91010848509219,34.62979986853865
2021-10-20 03:45:05.670567040,East Tylerburgh,Puerto Rico,17.767945945167366,375.80101338115855,-0.8939856845938855,12.023114838777603,71.66688715016558,47.65546005280951
2021-10-20 23:54:48.928892800,Aliciabury,Belarus,18.72683027800897,446.76412940503576,0.7247305007565382,9.510024842952449,70.79087597120896,33.474190081621316
2021-10-21 20:04:32.187218688,East Mauricehaven,Cook Islands,21.80856397990885,416.9148783660376,-0.2549865898693111,8.606600179625213,10.551333409878072,43.18620430788541
2021-10-22 16:14:15.445544448,Nicoleport,Malawi,10.31581349258974,375.9922447539855,-0.6420321068617567,26.632606281808435,75.2309991971926,34.6901124489604
2021-10-23 12:23:58.703870336,Johnsonbury,Greenland,16.739064469853073,399.8894371851704,-0.8514698823651844,22.980467560111727,42.901771854490114,41.69777076098247
2021-10-24 08:33:41.962196224,New Lisa,Somalia,25.091536293049323,465.1528966738167,-0.4580790491886526,84.59884755172024,11.38042484874906,8.533935948554367
2021-10-25 04:43:25.220521984,Port Alexandraview,Saint Kitts and Nevis,15.616135209857184,382.7928132767675,-0.7517454963571705,83.74714864717204,53.9944399783391,26.221374830360716
2021-10-26 00:53:08.478847872,Gonzalesfort,Comoros,12.880627317815453,361.8435558220472,-1.3063798829569158,24.997404101845156,18.152202850815247,29.303381550938333
2021-10-26 21:02:51.737173632,Youngfurt,Japan,18.963865421858863,386.6727981101678,0.4142215577267784,93.14258051456424,0.223789348539205,16.93844792902245
2021-10-27 17:12:34.995499520,East Joshuaview,Uzbekistan,9.903503346416349,400.70802423618034,-0.3370238769296826,40.93979646395006,13.927064954411406,46.923115183817266
2021-10-28 13:22:18.253825280,Lake Alexisfort,Comoros,14.660064364529516,408.4741341918285,-1.5210364174273705,46.89564868246063,82.4086327567197,30.374210152279797
2021-10-29 09:32:01.512151168,Brianborough,Botswana,18.945750837531467,384.3802960057891,0.1208895419212215,5.309375586976383,88.79195531128127,27.386999964726172
2021-10-30 05:41:44.770477056,East Joelland,Mauritania,10.79265897257413,410.25071488464147,0.7374184035407231,55.31951110859398,77.07336416195376,31.768142487426115
2021-10-31 01:51:28.028802816,East Juan,Sierra Leone,16.22006210994552,414.1717974237539,-0.3778372606516729,12.029780355404796,36.86255434706821,33.42631650476691
2021-10-31 22:01:11.287128704,South Dennismouth,Mexico,9.94443390471303,392.19767696027975,0.1426857874165313,9.150165218788242,7.084967955072663,28.430058506088525
2021-11-01 18:10:54.545454464,Howellchester,Bahamas,16.175790190101974,390.4889615010244,0.0563343678075032,78.82377917474493,42.39040944835993,21.38593120181364
2021-11-02 14:20:37.803780352,Stevensonfort,Colombia,11.596739574148,422.2610172410177,0.6986601424827976,49.95237611194228,72.86132949856558,29.61929384597007
2021-11-03 10:30:21.062106112,Myershaven,Korea,17.74698730071083,415.0104482880766,1.350369281190796,34.43717135659563,79.18893576907587,8.518121449735993
2021-11-04 06:40:04.320432000,Joycebury,Finland,12.19549795899094,402.96404791341536,1.393250946663928,51.55838053777018,2.956889501841864,31.84301831765007
2021-11-05 02:49:47.578757888,Brittneyborough,Qatar,16.11290157424521,418.02215146084455,1.1890894888343997,99.18443417167784,9.440796442640186,15.114038408018844
2021-11-05 22:59:30.837083648,Lake Elizabethtown,Dominica,26.509330894336394,382.7113880626612,1.10090083542019,0.8791053051618314,37.1792497391917,4.574263346408236
2021-11-06 19:09:14.095409536,Ronaldburgh,Moldova,18.8243666799155,414.86858829918987,0.3647116024514609,5.5669510644431375,86.94665881797975,18.17667132591843
2021-11-07 15:18:57.353735296,Haasshire,Algeria,17.74033243634904,426.398433007231,0.75394649324764,14.65362750366921,26.635429333098205,22.135952238398342
2021-11-08 11:28:40.612061184,Murraybury,Guyana,15.532557468369568,370.7726319916327,-0.1377150868471147,66.37785167768426,94.34538102488214,0.829900423882296
2021-11-09 07:38:23.870386944,North Shannonmouth,Switzerland,9.261780199764686,509.28865829789913,-1.231608609428476,47.73930172293459,38.21747150550363,25.474786097861543
2021-11-10 03:48:07.128712832,West Ann,Lao People's Democratic Republic,13.125238490015352,452.6493795712462,-0.0988381249501863,18.320650373544577,98.54914419152126,23.887058272745147
2021-11-10 23:57:50.387038592,East Emily,Latvia,19.179992567696537,474.7679560461059,1.5432428450653386,78.67706640375197,80.49255933641466,5.84674545879233
2021-11-11 20:07:33.645364480,North Timothy,United Kingdom,20.407747390843323,380.5944929660392,1.5448768070628385,9.482993787489823,15.26964754634924,36.87968929054627
2021-11-12 16:17:16.903690368,Michaelstad,Montserrat,17.285968059221965,444.9695968152183,1.1641523618947058,35.465818817801434,24.413705889845836,44.32625779127108
2021-11-13 12:27:00.162016128,South Alicia,Guinea,13.05728819664987,348.03034017906185,-1.7262444243124897,99.92150277198158,5.711102075609864,0.3391270505976984
2021-11-14 08:36:43.420342016,South Amy,Spain,17.55952469740867,488.36619769225456,0.8354148224657432,90.80363544297376,41.93801812370078,31.78783752644186
2021-11-15 04:46:26.678667776,North Richard,Estonia,14.209112205410374,385.99913080722257,-0.5918002546228919,77.7131930340741,68.61779559682127,48.92881818938049
2021-11-16 00:56:09.936993664,North Amandachester,Thailand,10.87716245231478,384.26532151020047,-0.6736592260841961,57.389637625173904,7.007977695196999,18.393745083568614
2021-11-16 21:05:53.195319424,Port Amanda,Korea,13.56726846161216,409.27279660427854,-1.0507087011635377,26.250014014128674,72.17461749400603,43.14159266749341
2021-11-17 17:15:36.453645312,Sarahfort,Brazil,9.194735975316725,326.52371866450136,0.4456126608859504,94.7393034739834,97.9484125383402,25.890960379593125
2021-11-18 13:25:19.711971200,Ronaldborough,Uruguay,18.26083406938205,359.2971019901572,-0.4519582432297889,14.19285033600316,96.3132537783366,28.773899307280672
2021-11-19 09:35:02.970296960,South Keithfort,Jamaica,26.62942125302848,386.0800593238361,-0.0778416207269245,93.00364030865322,4.153554672880977,39.03579104791539
2021-11-20 05:44:46.228622848,South Jenniferfort,Zimbabwe,12.576110489389778,357.10150487044893,-0.1982980402624897,77.17200451446732,96.21397376683646,11.454644919991525
2021-11-21 01:54:29.486948608,West Janeburgh,Ukraine,10.644282766666262,460.79027706822046,2.556694902729966,19.020247617656302,10.28060475585969,38.80745170874483
2021-11-21 22:04:12.745274496,Johnside,Holy See (Vatican City State),16.547309697529624,453.39497028801065,0.1655559551736974,66.49212125065362,23.037611949022864,6.376845668568675
2021-11-22 18:13:56.003600256,Danielleview,Gabon,16.205170460463936,336.90680924407843,-0.9048341309898276,39.492354073356815,74.81377453955173,44.86941451247481
2021-11-23 14:23:39.261926144,Carlsonhaven,Italy,18.114233725447573,414.8826913531321,1.2213782341287716,0.4709051149378251,93.40712589816968,36.1073660986139
2021-11-24 10:33:22.520252032,East Matthew,Vanuatu,4.069525293415218,445.6804417231664,-1.414338883880703,37.69362756413691,55.28394726882346,22.25357269452464
2021-11-25 06:43:05.778577792,Ruizchester,Tuvalu,13.455478732621096,439.4550466248862,0.2449121932897144,15.85506678973977,95.21081737177072,7.171174831446814
2021-11-26 02:52:49.036903680,Floydbury,Congo,18.94599135622711,423.55224194703413,-0.8983476962260568,34.022206535951014,84.172461354982,29.550210517209777
2021-11-26 23:02:32.295229440,Fitzpatrickborough,Svalbard & Jan Mayen Islands,11.350678459837445,438.45952013541546,2.700140470638303,25.301039719966,57.991146560963614,3.638510396034605
2021-11-27 19:12:15.553555328,Cameronshire,Monaco,12.34552352193112,408.0564214172923,-0.1352328874860612,64.04782860629513,41.206724907854685,14.097330810903651
2021-11-28 15:21:58.811881088,Cooktown,Oman,7.099116940105389,486.5984469476048,-0.1438904909467304,43.55525017985564,20.102881779337068,41.574408312678976
2021-11-29 11:31:42.070206976,Bonnieton,Guinea-Bissau,14.9680281413341,394.7340197606529,1.2863071268687587,88.82626472953729,67.49316362436197,1.967910132578243
2021-11-30 07:41:25.328532864,Maureenstad,Kenya,13.631916877453309,396.96702315219613,0.3106720709138195,89.72172925195676,78.75747127126054,21.14621951494752
2021-12-01 03:51:08.586858624,West Krystal,Reunion,23.95926787818197,464.9912526853353,-0.0495681430648716,29.533922156930316,69.63381917841741,33.71515927185224
2021-12-02 00:00:51.845184512,Port Mariaburgh,Belize,22.184576810147025,406.1211310106679,0.5767870875592237,50.54992123717293,1.430739195578956,4.578447531276436
2021-12-02 20:10:35.103510272,East Robert,Australia,29.235170530242804,346.18259113736127,0.0247652004433117,84.6283861147196,4.742959462873053,34.36225121276304
2021-12-03 16:20:18.361836160,Rivasmouth,Bermuda,12.172574426782916,444.98296333463696,-0.3704209892739931,38.204111971748546,24.44452573892839,32.84502950768145
2021-12-04 12:30:01.620161920,Jonesbury,Honduras,12.532660524437452,451.74644511309646,-0.7041554802432106,97.83409786201928,29.357999363545208,33.1465766077847
2021-12-05 08:39:44.878487808,East Joanne,Romania,13.275866821077267,427.3930678243564,-0.8631296006593512,71.44709047536767,36.514527275927854,28.786185278791503
2021-12-06 04:49:28.136813696,East Carriebury,Cocos (Keeling) Islands,12.688566351688088,310.6161839890641,-0.2072543362197823,88.39771116121506,63.765967494691665,14.87871848470938
2021-12-07 00:59:11.395139456,Woodville,Kyrgyz Republic,14.97048560546424,423.88021996670653,0.0548322210903456,57.94628415415129,42.11777027144413,36.89316842690024
2021-12-07 21:08:54.653465344,Tiffanymouth,Latvia,10.058064749849976,436.5650720470079,-0.7443842321775529,24.1259383873088,37.135025446918654,30.162426138470167
2021-12-08 17:18:37.911791104,Lake Colleenfurt,Grenada,10.073181168243927,394.96173144556514,1.611122933869533,17.694295114673274,83.00523521279104,24.81438175598282
2021-12-09 13:28:21.170116992,South Franklin,Maldives,8.246268487108177,355.522577587291,1.3651998935536884,90.7903875020195,32.656836471721505,49.69577149288721
2021-12-10 09:38:04.428442752,Lake Nicholas,Cape Verde,14.65669693121862,357.00801679586544,-0.1315206187077169,7.09810816761236,85.2663234714502,10.695197698588032
2021-12-11 05:47:47.686768640,Port Jeffrey,Germany,16.493091579703528,447.80632617035855,-0.2571755564309715,68.9924529159611,99.05777297612325,47.66581133105508
2021-12-12 01:57:30.945094400,New Jason,Gibraltar,20.525773553809515,430.54108702611063,0.7059340897439177,47.060563076107954,45.42606243949345,31.229109664526817
2021-12-12 22:07:14.203420288,Cameronhaven,Svalbard & Jan Mayen Islands,19.54653971381957,445.83018021782794,1.361509631308931,99.19217044158783,88.88035379971967,5.128622185195642
2021-12-13 18:16:57.461746176,Davistown,Saint Lucia,14.534245574326262,327.5528084824814,-0.5715552921106205,30.413784439546863,9.526064626236764,16.271858653873593
2021-12-14 14:26:40.720071936,South Shawnshire,Macao,4.405759684046986,397.33110326831536,0.0884642218826683,85.82764254826238,74.39078345096189,11.839421156687225
2021-12-15 10:36:23.978397824,North Julie,United Kingdom,10.870373316637783,292.4494879280343,2.9659065858666245,61.116957418422736,72.75087335602709,10.127509266508468
2021-12-16 06:46:07.236723584,Ericside,United States Virgin Islands,16.76196941351928,322.56606261708487,0.3571360195021373,9.183910015436169,87.72079024080062,41.67788025514857
2021-12-17 02:55:50.495049472,Coleland,Northern Mariana Islands,14.82702091919296,400.17198345610694,0.8443961345405074,78.21404634414164,13.087272630891423,18.29522047639822
2021-12-17 23:05:33.753375232,Port Jonathanside,Finland,8.652291219727346,432.1525921886859,1.8324395403885885,13.311696847590182,96.25215136062816,17.13781443659219
2021-12-18 19:15:17.011701120,Rebeccabury,Sudan,22.49731602699106,440.82437454466583,0.7441033413345659,50.19469767680328,49.22402040930051,11.771254152041822
2021-12-19 15:25:00.270027008,New Taylor,Puerto Rico,20.567102017680824,336.0163899743975,1.1988471182936578,66.51828460231272,56.76891052412175,40.30506158740405
2021-12-20 11:34:43.528352768,Port Yvette,Saint Barthelemy,29.747069178674117,405.4278170609902,1.9657464225176375,15.9261858661901,59.76057530130019,41.20996590578081
2021-12-21 07:44:26.786678656,Lake Kathryn,Panama,12.516153031800965,421.5856816307423,1.7009288055897944,77.82359225798052,55.68771677747114,6.097303968345036
2021-12-22 03:54:10.045004416,Grossbury,Poland,20.835880561300034,391.7817207837112,-1.9227978824758705,37.139527623168775,18.15198097074564,41.89503528515
2021-12-23 00:03:53.303330304,Lake Austin,Kyrgyz Republic,19.963983094029267,417.860337725286,-0.3921773698007361,21.628482616561385,26.797267040330585,28.70518895532327
2021-12-23 20:13:36.561656064,Angelaborough,Anguilla,15.15508087631762,373.93481736554,-0.2161656061752777,36.32276771682474,36.07217207101054,28.952546168077564
2021-12-24 16:23:19.819981952,Lewisview,Belgium,27.11631426006091,523.4819362104156,-0.5323433057166064,10.615118571883444,79.91475584169034,7.837818038893274
2021-12-25 12:33:03.078307840,Jamestown,British Virgin Islands,19.609336639754023,466.0157829692192,2.0955518312184624,75.67215726511728,42.69980789634338,24.769832873824132
2021-12-26 08:42:46.336633600,New Antonioside,Andorra,12.99763138168256,326.4970601738144,0.8059498848360859,12.81469716435084,97.37531189461176,39.695942851508285
2021-12-27 04:52:29.594959488,Anthonyborough,Qatar,18.12498243837639,323.77117797261735,-0.7059908110320022,9.474412916421226,6.447425586548383,24.59057909607575
2021-12-28 01:02:12.853285248,New Jennifermouth,Azerbaijan,16.460946920600755,413.6322630061366,-1.1244524592880103,97.84491023802072,67.72325196017867,24.618559704439996
2021-12-28 21:11:56.111611136,East Erika,Mauritius,12.161328014867152,443.2703512129896,1.631025581113037,20.680421932850024,43.05607881112613,14.9815242930046
2021-12-29 17:21:39.369936896,New Kellyburgh,Solomon Islands,13.328498876278443,377.9724169049816,-1.2272100592672373,61.77008542340441,79.09626436474285,25.348702273052353
2021-12-30 13:31:22.628262784,Brownside,Malta,14.27361792645824,362.2596814783852,0.3878038397172504,43.87785319477807,60.097891608868025,13.63335922060614
2021-12-31 09:41:05.886588672,Owenstown,Mozambique,11.110404879053098,447.2051099023293,0.0191124546439318,48.88877648243011,58.6409763225147,39.81398996327529
